{"IcoMoonType":"selection","icons":[{"icon":{"paths":["M554 554v-256h-84v256h84zM554 726v-86h-84v86h84zM512 86q176 0 301 125t125 301-125 301-301 125-301-125-125-301 125-301 301-125z"],"attrs":[],"isMulticolor":false,"isMulticolor2":false,"tags":["error"],"grid":24},"attrs":[],"properties":{"ligatures":"error","id":0,"order":2,"prevSize":24,"code":59648,"name":"error"},"setIdx":0,"setId":2,"iconIdx":0},{"icon":{"paths":["M554 598v-172h-84v172h84zM554 768v-86h-84v86h84zM42 896l470-810 470 810h-940z"],"attrs":[],"isMulticolor":false,"isMulticolor2":false,"tags":["warning","report_problem"],"grid":24},"attrs":[],"properties":{"ligatures":"warning, report_problem","id":2,"order":3,"prevSize":24,"code":59649,"name":"warning"},"setIdx":0,"setId":2,"iconIdx":2},{"icon":{"paths":["M854 656q18 0 30 12t12 30v148q0 50-42 50-298 0-512-214t-214-512q0-42 50-42h148q18 0 30 12t12 30q0 78 24 150 8 26-10 44l-82 72q92 192 294 290l66-84q12-12 30-12 10 0 14 2 72 24 150 24z"],"attrs":[],"isMulticolor":false,"isMulticolor2":false,"tags":["call"],"grid":24},"attrs":[],"properties":{"ligatures":"call","id":88,"order":24,"prevSize":24,"code":59650,"name":"call"},"setIdx":0,"setId":2,"iconIdx":88},{"icon":{"paths":["M726 554v-84h-172v-172h-84v172h-172v84h172v172h84v-172h172zM512 86q176 0 301 125t125 301-125 301-301 125-301-125-125-301 125-301 301-125z"],"attrs":[],"isMulticolor":false,"isMulticolor2":false,"tags":["add_circle"],"grid":24},"attrs":[],"properties":{"ligatures":"add_circle","id":148,"order":18,"prevSize":24,"code":59651,"name":"add_circle"},"setIdx":0,"setId":2,"iconIdx":148},{"icon":{"paths":["M512 854q140 0 241-101t101-241-101-241-241-101-241 101-101 241 101 241 241 101zM512 86q176 0 301 125t125 301-125 301-301 125-301-125-125-301 125-301 301-125zM554 298v172h172v84h-172v172h-84v-172h-172v-84h172v-172h84z"],"attrs":[],"isMulticolor":false,"isMulticolor2":false,"tags":["add_circle_outline","control_point"],"grid":24},"attrs":[],"properties":{"ligatures":"add_circle_outline, control_point","id":149,"order":19,"prevSize":24,"code":59652,"name":"add_circle_outline"},"setIdx":0,"setId":2,"iconIdx":149},{"icon":{"paths":["M810 274l-238 238 238 238-60 60-238-238-238 238-60-60 238-238-238-238 60-60 238 238 238-238z"],"attrs":[],"isMulticolor":false,"isMulticolor2":false,"tags":["clear","close"],"grid":24},"attrs":[],"properties":{"ligatures":"clear, close","id":153,"order":22,"prevSize":24,"code":59653,"name":"clear"},"setIdx":0,"setId":2,"iconIdx":153},{"icon":{"paths":["M512 554l352-220-352-206-352 206zM938 342v426q0 34-25 60t-59 26h-684q-34 0-59-26t-25-60v-426q0-50 40-74l386-226 386 226q40 24 40 74z"],"attrs":[],"isMulticolor":false,"isMulticolor2":false,"tags":["drafts"],"grid":24},"attrs":[],"properties":{"ligatures":"drafts","id":158,"order":23,"prevSize":24,"code":59654,"name":"drafts"},"setIdx":0,"setId":2,"iconIdx":158},{"icon":{"paths":["M726 554v-84h-428v84h428zM512 86q176 0 301 125t125 301-125 301-301 125-301-125-125-301 125-301 301-125z"],"attrs":[],"isMulticolor":false,"isMulticolor2":false,"tags":["remove_circle","do_not_disturb_on"],"grid":24},"attrs":[],"properties":{"ligatures":"remove_circle, do_not_disturb_on","id":167,"order":21,"prevSize":24,"code":59655,"name":"remove_circle"},"setIdx":0,"setId":2,"iconIdx":167},{"icon":{"paths":["M512 854q140 0 241-101t101-241-101-241-241-101-241 101-101 241 101 241 241 101zM512 86q176 0 301 125t125 301-125 301-301 125-301-125-125-301 125-301 301-125zM298 470h428v84h-428v-84z"],"attrs":[],"isMulticolor":false,"isMulticolor2":false,"tags":["remove_circle_outline"],"grid":24},"attrs":[],"properties":{"ligatures":"remove_circle_outline","id":168,"order":20,"prevSize":24,"code":59656,"name":"remove_circle_outline"},"setIdx":0,"setId":2,"iconIdx":168},{"icon":{"paths":["M726 768q34 0 59 26t25 60-25 59-59 25-60-25-26-59 26-60 60-26zM42 86h140l40 84h632q18 0 30 13t12 31q0 2-6 20l-152 276q-24 44-74 44h-318l-38 70-2 6q0 10 10 10h494v86h-512q-34 0-59-26t-25-60q0-20 10-40l58-106-154-324h-86v-84zM298 768q34 0 60 26t26 60-26 59-60 25-59-25-25-59 25-60 59-26z"],"attrs":[],"isMulticolor":false,"isMulticolor2":false,"tags":["local_grocery_store","shopping_cart"],"grid":24},"attrs":[],"properties":{"ligatures":"local_grocery_store, shopping_cart","id":542,"order":26,"prevSize":24,"code":59657,"name":"local_grocery_store"},"setIdx":0,"setId":2,"iconIdx":542},{"icon":{"paths":["M854 470v84h-520l238 240-60 60-342-342 342-342 60 60-238 240h520z"],"attrs":[],"isMulticolor":false,"isMulticolor2":false,"tags":["arrow_back"],"grid":24},"attrs":[],"properties":{"ligatures":"arrow_back","id":589,"order":6,"prevSize":24,"code":59658,"name":"arrow_back"},"setIdx":0,"setId":2,"iconIdx":589},{"icon":{"paths":["M512 170l342 342-342 342-60-60 238-240h-520v-84h520l-238-240z"],"attrs":[],"isMulticolor":false,"isMulticolor2":false,"tags":["arrow_forward"],"grid":24},"attrs":[],"properties":{"ligatures":"arrow_forward","id":593,"order":7,"prevSize":24,"code":59659,"name":"arrow_forward"},"setIdx":0,"setId":2,"iconIdx":593},{"icon":{"paths":["M512 426q34 0 60 26t26 60-26 60-60 26-60-26-26-60 26-60 60-26zM768 426q34 0 60 26t26 60-26 60-60 26-60-26-26-60 26-60 60-26zM256 426q34 0 60 26t26 60-26 60-60 26-60-26-26-60 26-60 60-26z"],"attrs":[],"isMulticolor":false,"isMulticolor2":false,"tags":["keyboard_control"],"grid":24},"attrs":[],"properties":{"ligatures":"keyboard_control","id":601,"order":4,"prevSize":24,"code":59660,"name":"keyboard_control"},"setIdx":0,"setId":2,"iconIdx":601},{"icon":{"paths":["M512 682q34 0 60 26t26 60-26 60-60 26-60-26-26-60 26-60 60-26zM512 426q34 0 60 26t26 60-26 60-60 26-60-26-26-60 26-60 60-26zM512 342q-34 0-60-26t-26-60 26-60 60-26 60 26 26 60-26 60-60 26z"],"attrs":[],"isMulticolor":false,"isMulticolor2":false,"tags":["more_vert"],"grid":24},"attrs":[],"properties":{"ligatures":"more_vert","id":602,"order":5,"prevSize":24,"code":59661,"name":"more_vert"},"setIdx":0,"setId":2,"iconIdx":602},{"icon":{"paths":["M498 166l-346 346 346 346-76 76-422-422 422-422z"],"attrs":[],"isMulticolor":false,"isMulticolor2":false,"tags":["arrow_back_ios"],"grid":24},"attrs":[],"properties":{"ligatures":"arrow_back_ios","id":614,"order":8,"prevSize":24,"code":59662,"name":"arrow_back_ios"},"setIdx":0,"setId":2,"iconIdx":614},{"icon":{"paths":["M250 176l92-90 426 426-426 426-92-90 338-336z"],"attrs":[],"isMulticolor":false,"isMulticolor2":false,"tags":["arrow_forward_ios"],"grid":24},"attrs":[],"properties":{"ligatures":"arrow_forward_ios","id":615,"order":9,"prevSize":24,"code":59663,"name":"arrow_forward_ios"},"setIdx":0,"setId":2,"iconIdx":615},{"icon":{"paths":["M426 726l384-384-60-62-324 324-152-152-60 60zM810 128q36 0 61 25t25 61v596q0 36-25 61t-61 25h-596q-36 0-61-25t-25-61v-596q0-36 25-61t61-25h596z"],"attrs":[],"isMulticolor":false,"isMulticolor2":false,"tags":["check_box"],"grid":24},"attrs":[],"properties":{"ligatures":"check_box","id":700,"order":13,"prevSize":24,"code":59664,"name":"check_box"},"setIdx":0,"setId":2,"iconIdx":700},{"icon":{"paths":["M810 128q34 0 60 26t26 60v596q0 34-26 60t-60 26h-596q-34 0-60-26t-26-60v-596q0-34 26-60t60-26h596zM810 214h-596v596h596v-596z"],"attrs":[],"isMulticolor":false,"isMulticolor2":false,"tags":["check_box_outline_blank"],"grid":24},"attrs":[],"properties":{"ligatures":"check_box_outline_blank","id":701,"order":14,"prevSize":24,"code":59665,"name":"check_box_outline_blank"},"setIdx":0,"setId":2,"iconIdx":701},{"icon":{"paths":["M512 736l-264 160 70-300-232-202 306-26 120-282 120 282 306 26-232 202 70 300z"],"attrs":[],"isMulticolor":false,"isMulticolor2":false,"tags":["star","grade"],"grid":24},"attrs":[],"properties":{"ligatures":"star, grade","id":703,"order":10,"prevSize":24,"code":59666,"name":"star"},"setIdx":0,"setId":2,"iconIdx":703},{"icon":{"paths":["M512 658l160 96-42-182 142-124-188-16-72-172v398zM938 394l-232 202 70 300-264-160-264 160 70-300-232-202 306-26 120-282 120 282z"],"attrs":[],"isMulticolor":false,"isMulticolor2":false,"tags":["star_half"],"grid":24},"attrs":[],"properties":{"ligatures":"star_half","id":704,"order":11,"prevSize":24,"code":59667,"name":"star_half"},"setIdx":0,"setId":2,"iconIdx":704},{"icon":{"paths":["M512 658l160 96-42-182 142-124-188-16-72-172-72 172-188 16 142 124-42 182zM938 394l-232 202 70 300-264-160-264 160 70-300-232-202 306-26 120-282 120 282z"],"attrs":[],"isMulticolor":false,"isMulticolor2":false,"tags":["star_outline"],"grid":24},"attrs":[],"properties":{"ligatures":"star_outline","id":705,"order":12,"prevSize":24,"code":59668,"name":"star_outline"},"setIdx":0,"setId":2,"iconIdx":705},{"icon":{"paths":["M512 820q68 0 143-40t113-98q-2-56-90-94t-166-38-166 37-90 95q38 58 113 98t143 40zM512 214q-52 0-90 38t-38 90 38 90 90 38 90-38 38-90-38-90-90-38zM512 86q176 0 301 125t125 301-125 301-301 125-301-125-125-301 125-301 301-125z"],"attrs":[],"isMulticolor":false,"isMulticolor2":false,"tags":["account_circle"],"grid":24},"attrs":[],"properties":{"ligatures":"account_circle","id":711,"order":15,"prevSize":24,"code":59669,"name":"account_circle"},"setIdx":0,"setId":2,"iconIdx":711},{"icon":{"paths":["M426 726l384-384-60-62-324 324-152-152-60 60zM512 86q176 0 301 125t125 301-125 301-301 125-301-125-125-301 125-301 301-125z"],"attrs":[],"isMulticolor":false,"isMulticolor2":false,"tags":["check_circle"],"grid":24},"attrs":[],"properties":{"ligatures":"check_circle","id":732,"order":16,"prevSize":24,"code":59670,"name":"check_circle"},"setIdx":0,"setId":2,"iconIdx":732},{"icon":{"paths":["M810 170v86h-596v-86h148l44-42h212l44 42h148zM256 810v-512h512v512q0 34-26 60t-60 26h-340q-34 0-60-26t-26-60z"],"attrs":[],"isMulticolor":false,"isMulticolor2":false,"tags":["delete"],"grid":24},"attrs":[],"properties":{"ligatures":"delete","id":737,"order":17,"prevSize":24,"code":59671,"name":"delete"},"setIdx":0,"setId":2,"iconIdx":737},{"icon":{"paths":["M406 598q80 0 136-56t56-136-56-136-136-56-136 56-56 136 56 136 136 56zM662 598l212 212-64 64-212-212v-34l-12-12q-76 66-180 66-116 0-197-80t-81-196 81-197 197-81 196 81 80 197q0 42-20 95t-46 85l12 12h34z"],"attrs":[],"isMulticolor":false,"isMulticolor2":false,"tags":["search"],"grid":24},"attrs":[],"properties":{"ligatures":"search","id":789,"order":25,"prevSize":24,"code":59672,"name":"search"},"setIdx":0,"setId":2,"iconIdx":789}],"height":1024,"metadata":{"name":"rsc"},"preferences":{"showGlyphs":true,"showQuickUse":true,"showQuickUse2":true,"showSVGs":true,"fontPref":{"prefix":"rsc-icon-","metadata":{"fontFamily":"rsc","majorVersion":1,"minorVersion":0},"metrics":{"emSize":1024,"baseline":6.25,"whitespace":50},"embed":false,"noie8":true,"ie7":false},"imagePref":{"prefix":"icon-","png":true,"useClassSelector":true,"color":0,"bgColor":16777215,"classSelector":".icon"},"historySize":50,"showCodes":true,"gridSize":16}}